{"stats":{"minecraft:used":{"minecraft:stone_sword":115,"minecraft:stone_pickaxe":32,"minecraft:wooden_pickaxe":5,"minecraft:cooked_chicken":4,"minecraft:netherrack":6,"minecraft:torch":7,"minecraft:dirt":11,"minecraft:mutton":2,"minecraft:crafting_table":4,"minecraft:white_bed":6,"minecraft:smoker":1,"minecraft:wooden_axe":23,"minecraft:black_wool":1,"minecraft:melon_slice":26,"minecraft:iron_pickaxe":80,"minecraft:furnace":2,"minecraft:oak_sapling":1,"minecraft:cooked_porkchop":1},"minecraft:mined":{"minecraft:acacia_leaves":27,"minecraft:white_bed":7,"minecraft:mossy_stone_brick_slab":1,"minecraft:smoker":1,"minecraft:jungle_leaves":24,"minecraft:stone_brick_slab":1,"minecraft:crafting_table":3,"minecraft:torch":3,"minecraft:short_grass":26,"minecraft:acacia_log":9,"minecraft:grass_block":3,"minecraft:poppy":3,"minecraft:melon":9,"minecraft:jungle_log":8,"minecraft:tall_grass":1,"minecraft:copper_ore":7,"minecraft:sugar_cane":6,"minecraft:wall_torch":3,"minecraft:hay_block":37,"minecraft:furnace":2,"minecraft:iron_ore":10,"minecraft:pumpkin":1,"minecraft:gold_block":3,"minecraft:pointed_dripstone":2,"minecraft:coal_ore":51,"minecraft:cocoa":1,"minecraft:vine":1,"minecraft:dripstone_block":4,"minecraft:dirt":9,"minecraft:stone":21,"minecraft:netherrack":14,"minecraft:oak_leaves":5,"minecraft:fern":2},"minecraft:picked_up":{"minecraft:cocoa_beans":1,"minecraft:crafting_table":4,"minecraft:feather":7,"minecraft:chicken":4,"minecraft:jungle_log":7,"minecraft:leather":22,"minecraft:smoker":1,"minecraft:gold_block":3,"minecraft:dirt":19,"minecraft:raw_copper":19,"minecraft:wheat_seeds":7,"minecraft:beef":36,"minecraft:jungle_sapling":1,"minecraft:poppy":3,"minecraft:light_gray_wool":1,"minecraft:melon_slice":42,"minecraft:sugar_cane":13,"minecraft:acacia_sapling":1,"minecraft:furnace":2,"minecraft:stick":1,"minecraft:raw_iron":10,"minecraft:pumpkin":1,"minecraft:stone_brick_slab":1,"minecraft:torch":6,"minecraft:acacia_log":9,"minecraft:dripstone_block":4,"minecraft:porkchop":14,"minecraft:pointed_dripstone":4,"minecraft:white_bed":6,"minecraft:mossy_stone_brick_slab":1,"minecraft:rotten_flesh":1,"minecraft:hay_block":37,"minecraft:oak_sapling":1,"minecraft:netherrack":14,"minecraft:black_wool":1,"minecraft:mutton":13,"minecraft:coal":51,"minecraft:white_wool":7,"minecraft:cobblestone":23},"minecraft:custom":{"minecraft:interact_with_furnace":11,"minecraft:mob_kills":42,"minecraft:interact_with_crafting_table":11,"minecraft:leave_game":1,"minecraft:time_since_death":59557,"minecraft:sleep_in_bed":6,"minecraft:climb_one_cm":898,"minecraft:time_since_rest":1697,"minecraft:sprint_one_cm":187582,"minecraft:damage_taken":270,"minecraft:walk_one_cm":114038,"minecraft:drop":6,"minecraft:damage_dealt":4359,"minecraft:swim_one_cm":13051,"minecraft:fly_one_cm":364124,"minecraft:open_chest":5,"minecraft:crouch_one_cm":2437,"minecraft:play_time":59557,"minecraft:sneak_time":982,"minecraft:walk_under_water_one_cm":2280,"minecraft:boat_one_cm":62327,"minecraft:jump":1562,"minecraft:walk_on_water_one_cm":2041,"minecraft:fall_one_cm":40060,"minecraft:total_world_time":59557,"minecraft:interact_with_smoker":14},"minecraft:dropped":{"minecraft:wheat_seeds":1,"minecraft:light_gray_wool":1,"minecraft:mossy_stone_brick_slab":1,"minecraft:gold_block":1,"minecraft:stone_pickaxe":1,"minecraft:stone_brick_slab":1},"minecraft:crafted":{"minecraft:cooked_beef":19,"minecraft:cooked_porkchop":14,"minecraft:crafting_table":1,"minecraft:wooden_pickaxe":1,"minecraft:cooked_chicken":4,"minecraft:furnace":2,"minecraft:copper_ingot":13,"minecraft:cooked_mutton":11,"minecraft:air":0,"minecraft:jungle_planks":28,"minecraft:stick":12,"minecraft:iron_ingot":10,"minecraft:iron_pickaxe":1,"minecraft:stone_pickaxe":1,"minecraft:wooden_axe":1,"minecraft:stone_sword":1,"minecraft:white_bed":1,"minecraft:torch":4,"minecraft:smoker":1},"minecraft:killed":{"minecraft:pig":6,"minecraft:skeleton":1,"minecraft:sheep":9,"minecraft:donkey":1,"minecraft:zombie":1,"minecraft:chicken":5,"minecraft:llama":3,"minecraft:cow":16}},"DataVersion":3700}