{"stats":{"minecraft:picked_up":{"minecraft:cocoa_beans":2,"minecraft:crafting_table":4,"minecraft:feather":7,"minecraft:chicken":4,"minecraft:jungle_log":7,"minecraft:leather":22,"minecraft:smoker":1,"minecraft:gold_block":5,"minecraft:lapis_lazuli":14,"minecraft:dirt":36,"minecraft:raw_copper":19,"minecraft:bone":1,"minecraft:wheat_seeds":7,"minecraft:beef":36,"minecraft:jungle_sapling":1,"minecraft:poppy":3,"minecraft:light_gray_wool":1,"minecraft:melon_slice":42,"minecraft:sugar_cane":14,"minecraft:acacia_sapling":1,"minecraft:furnace":3,"minecraft:raw_iron":30,"minecraft:stick":1,"minecraft:pumpkin":1,"minecraft:copper_ingot":13,"minecraft:stone_brick_slab":1,"minecraft:torch":7,"minecraft:acacia_log":9,"minecraft:dripstone_block":4,"minecraft:porkchop":14,"minecraft:pointed_dripstone":4,"minecraft:white_bed":12,"minecraft:mossy_stone_brick_slab":1,"minecraft:arrow":2,"minecraft:rotten_flesh":1,"minecraft:diamond":2,"minecraft:hay_block":39,"minecraft:oak_sapling":1,"minecraft:netherrack":14,"minecraft:black_wool":1,"minecraft:mutton":13,"minecraft:coal":141,"minecraft:white_wool":7,"minecraft:cobblestone":34},"minecraft:crafted":{"minecraft:cooked_beef":19,"minecraft:coal_block":14,"minecraft:coal":9,"minecraft:cooked_porkchop":14,"minecraft:crafting_table":3,"minecraft:wooden_pickaxe":1,"minecraft:cooked_chicken":4,"minecraft:furnace":2,"minecraft:copper_ingot":13,"minecraft:cooked_mutton":11,"minecraft:air":0,"minecraft:jungle_planks":28,"minecraft:iron_boots":1,"minecraft:stick":12,"minecraft:iron_ingot":26,"minecraft:iron_pickaxe":1,"minecraft:stone_pickaxe":1,"minecraft:wooden_axe":1,"minecraft:stone_sword":1,"minecraft:iron_leggings":1,"minecraft:white_bed":1,"minecraft:acacia_planks":8,"minecraft:torch":4,"minecraft:smoker":1},"minecraft:custom":{"minecraft:interact_with_furnace":16,"minecraft:mob_kills":44,"minecraft:interact_with_crafting_table":17,"minecraft:leave_game":3,"minecraft:time_since_death":98841,"minecraft:sleep_in_bed":14,"minecraft:climb_one_cm":898,"minecraft:time_since_rest":1426,"minecraft:sprint_one_cm":338324,"minecraft:damage_taken":434,"minecraft:walk_one_cm":179345,"minecraft:drop":35,"minecraft:damage_dealt":4729,"minecraft:swim_one_cm":44459,"minecraft:fly_one_cm":536661,"minecraft:open_chest":7,"minecraft:crouch_one_cm":5561,"minecraft:play_time":98841,"minecraft:sneak_time":1828,"minecraft:walk_under_water_one_cm":7262,"minecraft:boat_one_cm":62327,"minecraft:jump":2387,"minecraft:fall_one_cm":62706,"minecraft:walk_on_water_one_cm":9051,"minecraft:total_world_time":98841,"minecraft:interact_with_smoker":14},"minecraft:killed":{"minecraft:pig":6,"minecraft:sheep":9,"minecraft:skeleton":2,"minecraft:donkey":1,"minecraft:zombie":2,"minecraft:chicken":5,"minecraft:llama":3,"minecraft:cow":16},"minecraft:used":{"minecraft:stone_sword":115,"minecraft:stone_pickaxe":32,"minecraft:wooden_pickaxe":5,"minecraft:cooked_chicken":4,"minecraft:netherrack":6,"minecraft:torch":22,"minecraft:dirt":12,"minecraft:mutton":2,"minecraft:crafting_table":6,"minecraft:white_bed":11,"minecraft:smoker":1,"minecraft:wooden_axe":23,"minecraft:black_wool":1,"minecraft:melon_slice":26,"minecraft:iron_pickaxe":210,"minecraft:golden_sword":8,"minecraft:hay_block":2,"minecraft:furnace":3,"minecraft:oak_sapling":1,"minecraft:cooked_porkchop":7},"minecraft:mined":{"minecraft:large_amethyst_bud":1,"minecraft:acacia_leaves":27,"minecraft:white_bed":12,"minecraft:deepslate_diamond_ore":2,"minecraft:mossy_stone_brick_slab":1,"minecraft:smoker":1,"minecraft:jungle_leaves":24,"minecraft:stone_brick_slab":1,"minecraft:crafting_table":4,"minecraft:torch":3,"minecraft:short_grass":26,"minecraft:acacia_log":9,"minecraft:grass_block":11,"minecraft:poppy":3,"minecraft:melon":9,"minecraft:jungle_log":8,"minecraft:copper_ore":7,"minecraft:tall_grass":1,"minecraft:sugar_cane":8,"minecraft:wall_torch":4,"minecraft:hay_block":39,"minecraft:furnace":3,"minecraft:iron_ore":12,"minecraft:pumpkin":1,"minecraft:deepslate_lapis_ore":2,"minecraft:gold_block":5,"minecraft:pointed_dripstone":2,"minecraft:coal_ore":137,"minecraft:cocoa":1,"minecraft:deepslate_iron_ore":18,"minecraft:vine":1,"minecraft:small_amethyst_bud":4,"minecraft:dripstone_block":4,"minecraft:dirt":14,"minecraft:stone":29,"minecraft:netherrack":14,"minecraft:oak_leaves":5,"minecraft:deepslate":4,"minecraft:fern":2},"minecraft:dropped":{"minecraft:furnace":1,"minecraft:wheat_seeds":1,"minecraft:iron_nugget":6,"minecraft:cocoa_beans":1,"minecraft:cobblestone":11,"minecraft:light_gray_wool":1,"minecraft:mossy_stone_brick_slab":1,"minecraft:copper_ingot":13,"minecraft:white_bed":1,"minecraft:coal":4,"minecraft:stick":3,"minecraft:gold_block":1,"minecraft:dirt":23,"minecraft:arrow":2,"minecraft:stone_pickaxe":1,"minecraft:netherrack":8,"minecraft:stone_brick_slab":1}},"DataVersion":3700}