{"stats":{"minecraft:used":{"minecraft:stone_sword":130,"minecraft:stone_pickaxe":53,"minecraft:wooden_pickaxe":32,"minecraft:crafting_table":6,"minecraft:white_bed":6,"minecraft:acacia_sapling":3,"minecraft:melon_slice":25,"minecraft:stone_axe":69,"minecraft:oak_sapling":1,"minecraft:cooked_porkchop":5},"minecraft:mined":{"minecraft:acacia_leaves":10,"minecraft:white_bed":4,"minecraft:jungle_leaves":5,"minecraft:crafting_table":6,"minecraft:short_grass":84,"minecraft:acacia_log":28,"minecraft:melon":7,"minecraft:tall_grass":4,"minecraft:furnace":1,"minecraft:birch_log":20,"minecraft:birch_leaves":1,"minecraft:coal_ore":34,"minecraft:oak_log":9,"minecraft:stone":49,"minecraft:oak_leaves":2,"minecraft:fern":6},"minecraft:picked_up":{"minecraft:birch_log":20,"minecraft:crafting_table":7,"minecraft:feather":6,"minecraft:chicken":9,"minecraft:brown_wool":1,"minecraft:leather":10,"minecraft:wooden_pickaxe":1,"minecraft:birch_planks":80,"minecraft:oak_log":9,"minecraft:bone":4,"minecraft:wheat_seeds":10,"minecraft:beef":18,"minecraft:stone_pickaxe":1,"minecraft:light_gray_wool":1,"minecraft:melon_slice":49,"minecraft:oak_planks":10,"minecraft:acacia_sapling":6,"minecraft:egg":2,"minecraft:stick":25,"minecraft:acacia_log":34,"minecraft:porkchop":33,"minecraft:white_bed":7,"minecraft:stone_sword":1,"minecraft:arrow":4,"minecraft:rotten_flesh":2,"minecraft:stone_axe":1,"minecraft:gray_wool":2,"minecraft:oak_sapling":1,"minecraft:black_wool":2,"minecraft:mutton":35,"minecraft:coal":34,"minecraft:white_wool":13,"minecraft:cobblestone":66},"minecraft:custom":{"minecraft:interact_with_furnace":5,"minecraft:mob_kills":47,"minecraft:interact_with_crafting_table":9,"minecraft:leave_game":3,"minecraft:time_since_death":34947,"minecraft:sleep_in_bed":8,"minecraft:climb_one_cm":2878,"minecraft:time_since_rest":4071,"minecraft:sprint_one_cm":253986,"minecraft:damage_taken":968,"minecraft:walk_one_cm":87052,"minecraft:drop":1,"minecraft:damage_dealt":4373,"minecraft:swim_one_cm":23549,"minecraft:fly_one_cm":255794,"minecraft:open_chest":5,"minecraft:crouch_one_cm":70,"minecraft:play_time":68314,"minecraft:deaths":2,"minecraft:sneak_time":48,"minecraft:walk_under_water_one_cm":2354,"minecraft:boat_one_cm":58770,"minecraft:jump":1362,"minecraft:walk_on_water_one_cm":3336,"minecraft:total_world_time":68314,"minecraft:fall_one_cm":37161,"minecraft:horse_one_cm":524},"minecraft:dropped":{"minecraft:wooden_pickaxe":1},"minecraft:killed_by":{"minecraft:skeleton":1,"minecraft:zombie":1},"minecraft:crafted":{"minecraft:oak_planks":36,"minecraft:cooked_porkchop":5,"minecraft:crafting_table":2,"minecraft:wooden_pickaxe":2,"minecraft:birch_planks":80,"minecraft:stone_axe":2,"minecraft:air":0,"minecraft:stick":60,"minecraft:stone_pickaxe":2,"minecraft:stone_sword":2,"minecraft:white_bed":1,"minecraft:acacia_planks":32},"minecraft:killed":{"minecraft:pig":11,"minecraft:sheep":17,"minecraft:skeleton":1,"minecraft:zombie":3,"minecraft:chicken":9,"minecraft:cow":6}},"DataVersion":3700}