{"stats":{"minecraft:killed_by":{"minecraft:skeleton":1,"minecraft:zombie":2},"minecraft:custom":{"minecraft:interact_with_furnace":27,"minecraft:mob_kills":60,"minecraft:interact_with_crafting_table":23,"minecraft:leave_game":4,"minecraft:time_since_death":213,"minecraft:sleep_in_bed":10,"minecraft:climb_one_cm":2878,"minecraft:time_since_rest":302,"minecraft:sprint_one_cm":396578,"minecraft:damage_taken":1492,"minecraft:walk_one_cm":157479,"minecraft:damage_blocked_by_shield":25,"minecraft:drop":3,"minecraft:damage_dealt":6008,"minecraft:talked_to_villager":6,"minecraft:swim_one_cm":29879,"minecraft:fly_one_cm":387021,"minecraft:open_chest":24,"minecraft:crouch_one_cm":4033,"minecraft:play_time":107053,"minecraft:deaths":3,"minecraft:sneak_time":1542,"minecraft:walk_under_water_one_cm":10959,"minecraft:boat_one_cm":58770,"minecraft:jump":2078,"minecraft:walk_on_water_one_cm":19437,"minecraft:interact_with_smoker":21,"minecraft:total_world_time":107053,"minecraft:fall_one_cm":61055,"minecraft:horse_one_cm":524},"minecraft:crafted":{"minecraft:cooked_beef":8,"minecraft:smooth_stone":3,"minecraft:oak_planks":36,"minecraft:cooked_porkchop":18,"minecraft:leather_boots":1,"minecraft:crafting_table":2,"minecraft:cooked_chicken":13,"minecraft:wooden_pickaxe":2,"minecraft:baked_potato":23,"minecraft:furnace":3,"minecraft:stone":3,"minecraft:birch_planks":80,"minecraft:stone_axe":2,"minecraft:cooked_mutton":17,"minecraft:air":0,"minecraft:iron_chestplate":1,"minecraft:shield":1,"minecraft:stick":60,"minecraft:iron_ingot":10,"minecraft:stone_pickaxe":2,"minecraft:stone_sword":2,"minecraft:white_bed":1,"minecraft:acacia_planks":64,"minecraft:torch":52,"minecraft:smoker":1},"minecraft:dropped":{"minecraft:furnace":2,"minecraft:wooden_pickaxe":1},"minecraft:used":{"minecraft:cooked_mutton":5,"minecraft:stone_sword":169,"minecraft:stone_pickaxe":115,"minecraft:shield":1,"minecraft:wooden_pickaxe":32,"minecraft:leather_boots":1,"minecraft:torch":10,"minecraft:dirt":5,"minecraft:crafting_table":10,"minecraft:white_bed":10,"minecraft:acacia_sapling":3,"minecraft:smoker":1,"minecraft:bread":2,"minecraft:melon_slice":25,"minecraft:stone_axe":73,"minecraft:cobblestone":18,"minecraft:furnace":3,"minecraft:oak_sapling":1,"minecraft:cooked_porkchop":6,"minecraft:cooked_beef":1},"minecraft:mined":{"minecraft:acacia_leaves":10,"minecraft:white_bed":7,"minecraft:jungle_leaves":5,"minecraft:crafting_table":9,"minecraft:short_grass":84,"minecraft:acacia_log":28,"minecraft:melon":7,"minecraft:tall_grass":4,"minecraft:furnace":3,"minecraft:birch_log":20,"minecraft:iron_ore":10,"minecraft:birch_leaves":1,"minecraft:deepslate_iron_ore":5,"minecraft:oak_log":9,"minecraft:coal_ore":38,"minecraft:dirt":5,"minecraft:stone":85,"minecraft:oak_leaves":2,"minecraft:fern":6},"minecraft:picked_up":{"minecraft:birch_log":20,"minecraft:pink_petals":3,"minecraft:crafting_table":10,"minecraft:feather":7,"minecraft:glow_ink_sac":3,"minecraft:chicken":13,"minecraft:brown_wool":1,"minecraft:leather":10,"minecraft:wooden_pickaxe":1,"minecraft:birch_planks":80,"minecraft:oak_log":9,"minecraft:dirt":5,"minecraft:bone":5,"minecraft:wheat_seeds":10,"minecraft:stone_pickaxe":1,"minecraft:beef":18,"minecraft:light_gray_wool":1,"minecraft:melon_slice":49,"minecraft:oak_planks":10,"minecraft:acacia_sapling":6,"minecraft:furnace":3,"minecraft:egg":2,"minecraft:raw_iron":15,"minecraft:stick":25,"minecraft:acacia_log":34,"minecraft:porkchop":40,"minecraft:white_bed":10,"minecraft:stone_sword":1,"minecraft:arrow":4,"minecraft:rotten_flesh":8,"minecraft:stone_axe":1,"minecraft:gray_wool":2,"minecraft:oak_sapling":1,"minecraft:black_wool":2,"minecraft:mutton":35,"minecraft:coal":38,"minecraft:white_wool":13,"minecraft:cobblestone":102},"minecraft:killed":{"minecraft:pig":14,"minecraft:sheep":17,"minecraft:skeleton":2,"minecraft:zombie":7,"minecraft:chicken":13,"minecraft:cow":6}},"DataVersion":3700}