{"stats":{"minecraft:used":{"minecraft:stone_sword":57,"minecraft:melon_slice":25,"minecraft:stone_pickaxe":5,"minecraft:wooden_pickaxe":32,"minecraft:stone_axe":68,"minecraft:crafting_table":5,"minecraft:cooked_porkchop":2,"minecraft:oak_sapling":1,"minecraft:white_bed":5,"minecraft:acacia_sapling":3},"minecraft:mined":{"minecraft:acacia_leaves":10,"minecraft:white_bed":3,"minecraft:furnace":1,"minecraft:birch_log":20,"minecraft:jungle_leaves":5,"minecraft:birch_leaves":1,"minecraft:crafting_table":5,"minecraft:short_grass":68,"minecraft:acacia_log":28,"minecraft:oak_log":9,"minecraft:melon":7,"minecraft:stone":35,"minecraft:oak_leaves":2,"minecraft:fern":1},"minecraft:picked_up":{"minecraft:birch_log":20,"minecraft:crafting_table":6,"minecraft:stick":25,"minecraft:leather":4,"minecraft:wooden_pickaxe":1,"minecraft:acacia_log":34,"minecraft:birch_planks":80,"minecraft:porkchop":27,"minecraft:oak_log":9,"minecraft:white_bed":5,"minecraft:arrow":4,"minecraft:stone_sword":1,"minecraft:bone":4,"minecraft:rotten_flesh":2,"minecraft:stone_axe":1,"minecraft:wheat_seeds":8,"minecraft:beef":10,"minecraft:stone_pickaxe":1,"minecraft:gray_wool":1,"minecraft:oak_sapling":1,"minecraft:melon_slice":49,"minecraft:acacia_sapling":6,"minecraft:mutton":19,"minecraft:oak_planks":10,"minecraft:white_wool":7,"minecraft:cobblestone":53,"minecraft:egg":2},"minecraft:custom":{"minecraft:time_since_rest":1697,"minecraft:interact_with_furnace":5,"minecraft:sprint_one_cm":165752,"minecraft:damage_taken":935,"minecraft:walk_one_cm":62688,"minecraft:mob_kills":21,"minecraft:drop":1,"minecraft:damage_dealt":2483,"minecraft:swim_one_cm":1153,"minecraft:interact_with_crafting_table":9,"minecraft:fly_one_cm":149049,"minecraft:play_time":52859,"minecraft:crouch_one_cm":70,"minecraft:sneak_time":34,"minecraft:deaths":2,"minecraft:walk_under_water_one_cm":88,"minecraft:jump":910,"minecraft:leave_game":3,"minecraft:time_since_death":19492,"minecraft:walk_on_water_one_cm":664,"minecraft:sleep_in_bed":7,"minecraft:total_world_time":52859,"minecraft:climb_one_cm":2878,"minecraft:fall_one_cm":25941,"minecraft:horse_one_cm":524},"minecraft:dropped":{"minecraft:wooden_pickaxe":1},"minecraft:killed_by":{"minecraft:skeleton":1,"minecraft:zombie":1},"minecraft:crafted":{"minecraft:oak_planks":36,"minecraft:cooked_porkchop":5,"minecraft:crafting_table":2,"minecraft:stick":60,"minecraft:wooden_pickaxe":2,"minecraft:stone_pickaxe":2,"minecraft:stone_sword":2,"minecraft:white_bed":1,"minecraft:acacia_planks":32,"minecraft:birch_planks":80,"minecraft:stone_axe":2,"minecraft:air":0},"minecraft:killed":{"minecraft:sheep":6,"minecraft:skeleton":1,"minecraft:zombie":3,"minecraft:pig":8,"minecraft:cow":3}},"DataVersion":3700}