{"stats":{"minecraft:killed_by":{"minecraft:skeleton":1,"minecraft:zombie":2},"minecraft:picked_up":{"minecraft:birch_log":20,"minecraft:pink_petals":3,"minecraft:crafting_table":10,"minecraft:iron_chestplate":2,"minecraft:feather":7,"minecraft:cooked_beef":14,"minecraft:chicken":13,"minecraft:glow_ink_sac":9,"minecraft:brown_wool":1,"minecraft:leather":10,"minecraft:wooden_pickaxe":1,"minecraft:birch_planks":80,"minecraft:oak_log":9,"minecraft:shield":2,"minecraft:dirt":5,"minecraft:leather_boots":2,"minecraft:bone":7,"minecraft:apple":4,"minecraft:wheat_seeds":10,"minecraft:beef":18,"minecraft:stone_pickaxe":3,"minecraft:light_gray_wool":1,"minecraft:melon_slice":49,"minecraft:acacia_sapling":6,"minecraft:oak_planks":10,"minecraft:egg":2,"minecraft:furnace":3,"minecraft:raw_iron":25,"minecraft:stick":25,"minecraft:torch":84,"minecraft:acacia_log":34,"minecraft:porkchop":40,"minecraft:white_bed":10,"minecraft:stone_sword":3,"minecraft:arrow":4,"minecraft:rotten_flesh":22,"minecraft:stone_axe":3,"minecraft:gray_wool":2,"minecraft:bread":18,"minecraft:baked_potato":46,"minecraft:oak_sapling":1,"minecraft:black_wool":2,"minecraft:mutton":35,"minecraft:coal":38,"minecraft:white_wool":13,"minecraft:cobblestone":102},"minecraft:crafted":{"minecraft:cooked_beef":8,"minecraft:smooth_stone":3,"minecraft:oak_planks":36,"minecraft:cooked_porkchop":18,"minecraft:leather_boots":1,"minecraft:crafting_table":2,"minecraft:wooden_pickaxe":2,"minecraft:baked_potato":23,"minecraft:cooked_chicken":13,"minecraft:furnace":3,"minecraft:stone":3,"minecraft:birch_planks":80,"minecraft:stone_axe":2,"minecraft:cooked_mutton":17,"minecraft:air":0,"minecraft:iron_chestplate":1,"minecraft:shield":1,"minecraft:stick":60,"minecraft:iron_ingot":10,"minecraft:stone_pickaxe":2,"minecraft:stone_sword":2,"minecraft:white_bed":1,"minecraft:acacia_planks":64,"minecraft:torch":52,"minecraft:smoker":1},"minecraft:custom":{"minecraft:interact_with_furnace":27,"minecraft:mob_kills":63,"minecraft:interact_with_crafting_table":23,"minecraft:leave_game":6,"minecraft:time_since_death":5937,"minecraft:sleep_in_bed":10,"minecraft:climb_one_cm":2878,"minecraft:time_since_rest":6026,"minecraft:sprint_one_cm":408168,"minecraft:damage_taken":1809,"minecraft:walk_one_cm":171178,"minecraft:damage_blocked_by_shield":25,"minecraft:drop":3,"minecraft:damage_dealt":6647,"minecraft:swim_one_cm":31525,"minecraft:talked_to_villager":6,"minecraft:fly_one_cm":393556,"minecraft:open_chest":25,"minecraft:crouch_one_cm":4265,"minecraft:play_time":112777,"minecraft:sneak_time":1589,"minecraft:deaths":3,"minecraft:walk_under_water_one_cm":20847,"minecraft:boat_one_cm":58770,"minecraft:jump":2149,"minecraft:walk_on_water_one_cm":28245,"minecraft:total_world_time":112777,"minecraft:interact_with_smoker":21,"minecraft:fall_one_cm":62174,"minecraft:horse_one_cm":524},"minecraft:killed":{"minecraft:pig":14,"minecraft:sheep":17,"minecraft:skeleton":2,"minecraft:zombie":10,"minecraft:chicken":13,"minecraft:cow":6},"minecraft:used":{"minecraft:cooked_mutton":5,"minecraft:stone_sword":187,"minecraft:stone_pickaxe":115,"minecraft:baked_potato":3,"minecraft:wooden_pickaxe":32,"minecraft:shield":1,"minecraft:leather_boots":1,"minecraft:torch":14,"minecraft:dirt":5,"minecraft:crafting_table":10,"minecraft:white_bed":10,"minecraft:acacia_sapling":3,"minecraft:smoker":1,"minecraft:bread":2,"minecraft:melon_slice":25,"minecraft:stone_axe":73,"minecraft:cobblestone":18,"minecraft:furnace":3,"minecraft:oak_sapling":1,"minecraft:cooked_porkchop":6,"minecraft:cooked_beef":1},"minecraft:mined":{"minecraft:acacia_leaves":10,"minecraft:white_bed":7,"minecraft:jungle_leaves":5,"minecraft:crafting_table":9,"minecraft:short_grass":84,"minecraft:acacia_log":28,"minecraft:melon":7,"minecraft:tall_grass":4,"minecraft:furnace":3,"minecraft:birch_log":20,"minecraft:iron_ore":10,"minecraft:birch_leaves":1,"minecraft:oak_log":9,"minecraft:coal_ore":38,"minecraft:deepslate_iron_ore":5,"minecraft:dirt":5,"minecraft:stone":85,"minecraft:oak_leaves":2,"minecraft:fern":6},"minecraft:dropped":{"minecraft:furnace":2,"minecraft:wooden_pickaxe":1}},"DataVersion":3700}