{"stats":{"minecraft:used":{"minecraft:cooked_mutton":2,"minecraft:water_bucket":4,"minecraft:stone_sword":11,"minecraft:stone_pickaxe":132,"minecraft:oak_planks":7,"minecraft:wooden_pickaxe":29,"minecraft:netherrack":3,"minecraft:torch":5,"minecraft:dirt":1,"minecraft:crafting_table":6,"minecraft:white_bed":9,"minecraft:oak_log":1,"minecraft:melon_slice":75,"minecraft:stone_axe":120,"minecraft:furnace":4,"minecraft:bucket":5,"minecraft:oak_boat":3,"minecraft:egg":7},"minecraft:mined":{"minecraft:acacia_leaves":4,"minecraft:white_bed":10,"minecraft:mossy_stone_brick_slab":1,"minecraft:dandelion":1,"minecraft:crafting_table":1,"minecraft:short_grass":36,"minecraft:grass_block":3,"minecraft:melon":24,"minecraft:jungle_log":3,"minecraft:tall_grass":8,"minecraft:oak_planks":3,"minecraft:magma_block":1,"minecraft:furnace":1,"minecraft:iron_ore":20,"minecraft:fire":66,"minecraft:oak_log":27,"minecraft:coal_ore":49,"minecraft:dirt":10,"minecraft:stone":56,"minecraft:netherrack":28,"minecraft:oak_leaves":9,"minecraft:fern":5},"minecraft:picked_up":{"minecraft:jungle_log":3,"minecraft:leather":26,"minecraft:gold_block":1,"minecraft:oak_log":27,"minecraft:dirt":9,"minecraft:string":3,"minecraft:wheat_seeds":7,"minecraft:beef":77,"minecraft:oak_boat":1,"minecraft:melon_slice":122,"minecraft:acacia_sapling":1,"minecraft:oak_planks":3,"minecraft:egg":8,"minecraft:furnace":2,"minecraft:raw_iron":20,"minecraft:dandelion":1,"minecraft:white_bed":9,"minecraft:mossy_stone_brick_slab":1,"minecraft:arrow":2,"minecraft:rotten_flesh":2,"minecraft:gray_wool":1,"minecraft:netherrack":3,"minecraft:mutton":13,"minecraft:coal":49,"minecraft:white_wool":8,"minecraft:cobblestone":56},"minecraft:custom":{"minecraft:interact_with_furnace":17,"minecraft:mob_kills":40,"minecraft:interact_with_crafting_table":16,"minecraft:leave_game":4,"minecraft:time_since_death":76032,"minecraft:sleep_in_bed":9,"minecraft:climb_one_cm":2931,"minecraft:time_since_rest":616,"minecraft:sprint_one_cm":267731,"minecraft:damage_taken":1183,"minecraft:walk_one_cm":199945,"minecraft:drop":16,"minecraft:damage_dealt":4532,"minecraft:swim_one_cm":20401,"minecraft:fly_one_cm":478071,"minecraft:open_chest":4,"minecraft:crouch_one_cm":4255,"minecraft:play_time":88929,"minecraft:deaths":1,"minecraft:sneak_time":1477,"minecraft:walk_under_water_one_cm":1582,"minecraft:boat_one_cm":167032,"minecraft:jump":2632,"minecraft:walk_on_water_one_cm":2368,"minecraft:interact_with_smoker":1,"minecraft:total_world_time":88929,"minecraft:fall_one_cm":84569},"minecraft:dropped":{"minecraft:wheat_seeds":3,"minecraft:cobblestone":2,"minecraft:oak_planks":1,"minecraft:mossy_stone_brick_slab":1,"minecraft:white_bed":1,"minecraft:dirt":3,"minecraft:wooden_pickaxe":3,"minecraft:stone_pickaxe":1,"minecraft:dandelion":1},"minecraft:crafted":{"minecraft:cooked_beef":2,"minecraft:oak_planks":104,"minecraft:crafting_table":7,"minecraft:wooden_pickaxe":3,"minecraft:furnace":3,"minecraft:bucket":1,"minecraft:stone_axe":2,"minecraft:cooked_mutton":5,"minecraft:air":0,"minecraft:jungle_planks":12,"minecraft:oak_boat":2,"minecraft:stick":32,"minecraft:iron_ingot":3,"minecraft:stone_pickaxe":3,"minecraft:stone_sword":1,"minecraft:white_bed":1,"minecraft:torch":20},"minecraft:killed":{"minecraft:spider":2,"minecraft:sheep":5,"minecraft:skeleton":2,"minecraft:zombie":1,"minecraft:cow":30}},"DataVersion":3700}