{"stats":{"minecraft:custom":{"minecraft:mob_kills":51,"minecraft:interact_with_crafting_table":39,"minecraft:leave_game":6,"minecraft:time_since_death":118238,"minecraft:climb_one_cm":2931,"minecraft:sprint_one_cm":362826,"minecraft:walk_one_cm":302841,"minecraft:damage_blocked_by_shield":465,"minecraft:drop":44,"minecraft:play_time":131135,"minecraft:deaths":1,"minecraft:sneak_time":3922,"minecraft:walk_under_water_one_cm":12643,"minecraft:boat_one_cm":197700,"minecraft:jump":3312,"minecraft:walk_on_water_one_cm":7363,"minecraft:total_world_time":131135,"minecraft:interact_with_furnace":49,"minecraft:sleep_in_bed":11,"minecraft:time_since_rest":11421,"minecraft:damage_taken":1454,"minecraft:damage_dealt":5906,"minecraft:swim_one_cm":31605,"minecraft:fly_one_cm":569147,"minecraft:open_chest":4,"minecraft:crouch_one_cm":10750,"minecraft:interact_with_smoker":1,"minecraft:fall_one_cm":102667},"minecraft:crafted":{"minecraft:oak_planks":104,"minecraft:spyglass":1,"minecraft:furnace":3,"minecraft:cooked_mutton":10,"minecraft:iron_axe":1,"minecraft:stone_pickaxe":3,"minecraft:cooked_beef":16,"minecraft:crafting_table":8,"minecraft:wooden_pickaxe":3,"minecraft:iron_helmet":1,"minecraft:iron_sword":1,"minecraft:copper_ingot":2,"minecraft:bucket":1,"minecraft:stone_axe":2,"minecraft:air":0,"minecraft:jungle_planks":12,"minecraft:oak_boat":3,"minecraft:iron_chestplate":1,"minecraft:shield":1,"minecraft:stick":60,"minecraft:iron_ingot":45,"minecraft:stone_sword":1,"minecraft:iron_leggings":1,"minecraft:gold_ingot":12,"minecraft:white_bed":2,"minecraft:torch":84},"minecraft:dropped":{"minecraft:wheat_seeds":4,"minecraft:cobblestone":8,"minecraft:apple":4,"minecraft:chest_minecart":1,"minecraft:activator_rail":3,"minecraft:rail":5,"minecraft:dirt":11,"minecraft:fire_charge":1,"minecraft:golden_hoe":1,"minecraft:string":1,"minecraft:dandelion":1,"minecraft:smooth_basalt":2,"minecraft:iron_nugget":5,"minecraft:stone_sword":2,"minecraft:cobbled_deepslate":10,"minecraft:tuff":7,"minecraft:rotten_flesh":3,"minecraft:oak_planks":1,"minecraft:mossy_stone_brick_slab":1,"minecraft:golden_shovel":1,"minecraft:white_bed":1,"minecraft:flint_and_steel":1,"minecraft:andesite":4,"minecraft:acacia_sapling":1,"minecraft:arrow":2,"minecraft:stone_pickaxe":2,"minecraft:wooden_pickaxe":3,"minecraft:calcite":3,"minecraft:egg":1},"minecraft:used":{"minecraft:stone_sword":33,"minecraft:shield":7,"minecraft:iron_sword":3,"minecraft:netherrack":3,"minecraft:torch":13,"minecraft:dirt":1,"minecraft:spyglass":12,"minecraft:iron_axe":13,"minecraft:birch_sapling":1,"minecraft:oak_sapling":1,"minecraft:furnace":7,"minecraft:egg":7,"minecraft:cooked_beef":4,"minecraft:cobbled_deepslate":9,"minecraft:cooked_mutton":5,"minecraft:water_bucket":5,"minecraft:amethyst_block":5,"minecraft:stone_pickaxe":172,"minecraft:oak_planks":11,"minecraft:wooden_pickaxe":29,"minecraft:crafting_table":11,"minecraft:white_bed":11,"minecraft:oak_log":1,"minecraft:melon_slice":78,"minecraft:iron_pickaxe":141,"minecraft:stone_axe":148,"minecraft:bucket":6,"minecraft:oak_boat":4,"minecraft:gray_wool":1},"minecraft:mined":{"minecraft:large_amethyst_bud":3,"minecraft:tuff":8,"minecraft:white_bed":12,"minecraft:deepslate_diamond_ore":5,"minecraft:mossy_stone_brick_slab":1,"minecraft:grass_block":4,"minecraft:jungle_log":3,"minecraft:magma_block":1,"minecraft:furnace":4,"minecraft:fire":66,"minecraft:iron_ore":34,"minecraft:cobbled_deepslate":1,"minecraft:andesite":5,"minecraft:deepslate_lapis_ore":2,"minecraft:deepslate_iron_ore":79,"minecraft:stone":72,"minecraft:acacia_leaves":4,"minecraft:amethyst_cluster":2,"minecraft:dandelion":1,"minecraft:crafting_table":5,"minecraft:short_grass":37,"minecraft:calcite":3,"minecraft:melon":24,"minecraft:tall_grass":8,"minecraft:copper_ore":6,"minecraft:deepslate_gold_ore":3,"minecraft:oak_planks":29,"minecraft:amethyst_block":5,"minecraft:birch_leaves":3,"minecraft:coal_ore":50,"minecraft:oak_log":31,"minecraft:dirt":10,"minecraft:smooth_basalt":2,"minecraft:netherrack":28,"minecraft:oak_leaves":16,"minecraft:deepslate":22,"minecraft:fern":5},"minecraft:picked_up":{"minecraft:crafting_table":4,"minecraft:chest_minecart":1,"minecraft:gold_block":1,"minecraft:amethyst_block":5,"minecraft:string":4,"minecraft:raw_copper":15,"minecraft:activator_rail":3,"minecraft:cobbled_deepslate":19,"minecraft:beef":146,"minecraft:oak_boat":1,"minecraft:calcite":3,"minecraft:melon_slice":122,"minecraft:birch_sapling":1,"minecraft:furnace":5,"minecraft:egg":8,"minecraft:raw_iron":111,"minecraft:torch":1,"minecraft:arrow":2,"minecraft:stone_sword":1,"minecraft:rotten_flesh":5,"minecraft:mutton":13,"minecraft:white_wool":8,"minecraft:rail":5,"minecraft:cobblestone":72,"minecraft:jungle_log":3,"minecraft:andesite":4,"minecraft:leather":31,"minecraft:tuff":7,"minecraft:oak_log":31,"minecraft:lapis_lazuli":5,"minecraft:dirt":12,"minecraft:wheat_seeds":7,"minecraft:raw_gold":3,"minecraft:oak_planks":27,"minecraft:acacia_sapling":1,"minecraft:smooth_basalt":2,"minecraft:dandelion":1,"minecraft:amethyst_shard":8,"minecraft:white_bed":11,"minecraft:mossy_stone_brick_slab":1,"minecraft:diamond":5,"minecraft:gray_wool":1,"minecraft:oak_sapling":1,"minecraft:netherrack":3,"minecraft:coal":111},"minecraft:killed":{"minecraft:spider":3,"minecraft:skeleton":2,"minecraft:creeper":1,"minecraft:sheep":5,"minecraft:zombie":3,"minecraft:cow":37},"minecraft:broken":{"minecraft:stone_axe":1}},"DataVersion":3700}