{"stats":{"minecraft:used":{"minecraft:stone_sword":3,"minecraft:stone_pickaxe":35,"minecraft:wooden_pickaxe":59,"minecraft:torch":2,"minecraft:dirt":1,"minecraft:crafting_table":3,"minecraft:white_bed":2,"minecraft:melon_slice":6,"minecraft:stone_axe":70,"minecraft:pink_bed":1,"minecraft:wooden_sword":15,"minecraft:furnace":2,"minecraft:cooked_beef":4},"minecraft:mined":{"minecraft:brown_mushroom":3,"minecraft:white_bed":2,"minecraft:pink_bed":1,"minecraft:dark_oak_log":41,"minecraft:crafting_table":4,"minecraft:glow_lichen":1,"minecraft:short_grass":11,"minecraft:grass_block":1,"minecraft:melon":1,"minecraft:wall_torch":2,"minecraft:furnace":2,"minecraft:birch_log":26,"minecraft:iron_ore":5,"minecraft:peony":1,"minecraft:coal_ore":33,"minecraft:dirt":1,"minecraft:stone":44,"minecraft:fern":5},"minecraft:picked_up":{"minecraft:birch_log":25,"minecraft:crafting_table":4,"minecraft:leather":5,"minecraft:brown_mushroom":4,"minecraft:birch_planks":20,"minecraft:string":2,"minecraft:dirt":2,"minecraft:wooden_sword":1,"minecraft:wheat_seeds":4,"minecraft:beef":7,"minecraft:poppy":4,"minecraft:melon_slice":9,"minecraft:egg":2,"minecraft:furnace":2,"minecraft:pink_bed":1,"minecraft:stick":3,"minecraft:raw_iron":5,"minecraft:torch":2,"minecraft:white_bed":2,"minecraft:dark_oak_log":40,"minecraft:rotten_flesh":4,"minecraft:peony":1,"minecraft:black_wool":1,"minecraft:mutton":16,"minecraft:coal":49,"minecraft:white_wool":7,"minecraft:cobblestone":44},"minecraft:custom":{"minecraft:interact_with_furnace":12,"minecraft:mob_kills":10,"minecraft:interact_with_crafting_table":10,"minecraft:leave_game":3,"minecraft:time_since_death":29473,"minecraft:sleep_in_bed":5,"minecraft:climb_one_cm":1121,"minecraft:time_since_rest":616,"minecraft:sprint_one_cm":155457,"minecraft:damage_taken":392,"minecraft:walk_one_cm":109520,"minecraft:damage_dealt":1054,"minecraft:swim_one_cm":15110,"minecraft:fly_one_cm":78950,"minecraft:play_time":38207,"minecraft:deaths":1,"minecraft:sneak_time":88,"minecraft:walk_under_water_one_cm":2649,"minecraft:jump":497,"minecraft:walk_on_water_one_cm":6972,"minecraft:total_world_time":38207,"minecraft:fall_one_cm":5167},"minecraft:killed_by":{"minecraft:skeleton":1},"minecraft:crafted":{"minecraft:cooked_beef":7,"minecraft:wooden_sword":1,"minecraft:pink_bed":1,"minecraft:wooden_pickaxe":1,"minecraft:furnace":1,"minecraft:birch_planks":22,"minecraft:stone_axe":1,"minecraft:pink_dye":2,"minecraft:cooked_mutton":8,"minecraft:stick":12,"minecraft:iron_ingot":5,"minecraft:stone_pickaxe":1,"minecraft:stone_sword":2,"minecraft:white_bed":1,"minecraft:torch":12},"minecraft:broken":{"minecraft:wooden_pickaxe":1},"minecraft:killed":{"minecraft:spider":1,"minecraft:sheep":5,"minecraft:zombie":1,"minecraft:cow":3}},"DataVersion":3700}