{"stats":{"minecraft:used":{"minecraft:melon_slice":6,"minecraft:stone_pickaxe":1,"minecraft:wooden_pickaxe":55,"minecraft:stone_axe":22,"minecraft:wooden_sword":15,"minecraft:crafting_table":2,"minecraft:furnace":1,"minecraft:white_bed":2,"minecraft:cooked_beef":2},"minecraft:mined":{"minecraft:white_bed":2,"minecraft:furnace":1,"minecraft:birch_log":20,"minecraft:peony":1,"minecraft:crafting_table":3,"minecraft:short_grass":11,"minecraft:coal_ore":15,"minecraft:melon":1,"minecraft:stone":36,"minecraft:fern":5},"minecraft:picked_up":{"minecraft:birch_log":19,"minecraft:stick":3,"minecraft:crafting_table":3,"minecraft:leather":5,"minecraft:birch_planks":20,"minecraft:white_bed":2,"minecraft:string":2,"minecraft:wooden_sword":1,"minecraft:rotten_flesh":4,"minecraft:peony":1,"minecraft:wheat_seeds":2,"minecraft:beef":7,"minecraft:coal":15,"minecraft:melon_slice":9,"minecraft:black_wool":1,"minecraft:furnace":1,"minecraft:mutton":14,"minecraft:white_wool":6,"minecraft:cobblestone":36,"minecraft:egg":2},"minecraft:custom":{"minecraft:time_since_rest":1697,"minecraft:interact_with_furnace":6,"minecraft:sprint_one_cm":101988,"minecraft:damage_taken":392,"minecraft:walk_one_cm":75634,"minecraft:mob_kills":9,"minecraft:damage_dealt":974,"minecraft:swim_one_cm":1037,"minecraft:interact_with_crafting_table":7,"minecraft:fly_one_cm":53549,"minecraft:play_time":26207,"minecraft:deaths":1,"minecraft:walk_under_water_one_cm":65,"minecraft:jump":337,"minecraft:walk_on_water_one_cm":629,"minecraft:leave_game":3,"minecraft:time_since_death":17473,"minecraft:sleep_in_bed":3,"minecraft:climb_one_cm":961,"minecraft:total_world_time":26207,"minecraft:fall_one_cm":3853},"minecraft:killed_by":{"minecraft:skeleton":1},"minecraft:crafted":{"minecraft:cooked_beef":7,"minecraft:wooden_sword":1,"minecraft:stick":12,"minecraft:pink_bed":1,"minecraft:wooden_pickaxe":1,"minecraft:stone_pickaxe":1,"minecraft:stone_sword":2,"minecraft:furnace":1,"minecraft:white_bed":1,"minecraft:birch_planks":22,"minecraft:stone_axe":1,"minecraft:pink_dye":2,"minecraft:cooked_mutton":8},"minecraft:killed":{"minecraft:sheep":4,"minecraft:zombie":1,"minecraft:spider":1,"minecraft:cow":3}},"DataVersion":3700}