{"stats":{"minecraft:killed_by":{"minecraft:skeleton":1},"minecraft:custom":{"minecraft:interact_with_furnace":19,"minecraft:mob_kills":18,"minecraft:interact_with_crafting_table":16,"minecraft:leave_game":6,"minecraft:time_since_death":74050,"minecraft:sleep_in_bed":7,"minecraft:climb_one_cm":2499,"minecraft:time_since_rest":13859,"minecraft:sprint_one_cm":363501,"minecraft:damage_taken":537,"minecraft:walk_one_cm":197166,"minecraft:drop":5,"minecraft:damage_dealt":1903,"minecraft:swim_one_cm":29935,"minecraft:fly_one_cm":220334,"minecraft:open_chest":8,"minecraft:play_time":82784,"minecraft:deaths":1,"minecraft:sneak_time":162,"minecraft:walk_under_water_one_cm":12228,"minecraft:jump":1348,"minecraft:walk_on_water_one_cm":33497,"minecraft:total_world_time":82784,"minecraft:fall_one_cm":16093},"minecraft:crafted":{"minecraft:cooked_beef":7,"minecraft:wooden_sword":1,"minecraft:pink_bed":1,"minecraft:cooked_chicken":1,"minecraft:wooden_pickaxe":1,"minecraft:iron_sword":1,"minecraft:furnace":1,"minecraft:cooked_salmon":1,"minecraft:birch_planks":52,"minecraft:stone_axe":1,"minecraft:pink_dye":2,"minecraft:cooked_mutton":16,"minecraft:stick":20,"minecraft:iron_ingot":7,"minecraft:iron_pickaxe":1,"minecraft:stone_pickaxe":1,"minecraft:stone_sword":2,"minecraft:chest":2,"minecraft:white_bed":1,"minecraft:dark_oak_planks":248,"minecraft:torch":12},"minecraft:dropped":{"minecraft:wheat_seeds":3,"minecraft:poppy":4,"minecraft:dirt":9,"minecraft:black_wool":1},"minecraft:used":{"minecraft:stone_sword":21,"minecraft:stone_pickaxe":110,"minecraft:chest":2,"minecraft:wooden_pickaxe":59,"minecraft:cooked_salmon":1,"minecraft:torch":9,"minecraft:dirt":3,"minecraft:crafting_table":5,"minecraft:white_bed":2,"minecraft:granite":1,"minecraft:obsidian":2,"minecraft:dark_oak_planks":51,"minecraft:melon_slice":6,"minecraft:iron_pickaxe":2,"minecraft:stone_axe":100,"minecraft:pink_bed":4,"minecraft:wooden_sword":15,"minecraft:sweet_berries":3,"minecraft:furnace":4,"minecraft:cooked_beef":7},"minecraft:picked_up":{"minecraft:birch_log":25,"minecraft:crafting_table":5,"minecraft:chicken":2,"minecraft:salmon":1,"minecraft:leather":5,"minecraft:brown_mushroom":4,"minecraft:birch_planks":20,"minecraft:dirt":16,"minecraft:string":2,"minecraft:wooden_sword":1,"minecraft:wheat_seeds":7,"minecraft:beef":7,"minecraft:poppy":8,"minecraft:melon_slice":9,"minecraft:egg":3,"minecraft:furnace":3,"minecraft:pink_bed":3,"minecraft:stick":3,"minecraft:raw_iron":8,"minecraft:sweet_berries":7,"minecraft:torch":4,"minecraft:white_bed":2,"minecraft:dark_oak_log":64,"minecraft:rotten_flesh":7,"minecraft:peony":1,"minecraft:granite":4,"minecraft:emerald":1,"minecraft:black_wool":2,"minecraft:mutton":22,"minecraft:coal":112,"minecraft:white_wool":10,"minecraft:cobblestone":60},"minecraft:mined":{"minecraft:podzol":1,"minecraft:brown_mushroom":3,"minecraft:white_bed":2,"minecraft:pink_bed":3,"minecraft:dark_oak_log":65,"minecraft:crafting_table":5,"minecraft:torch":1,"minecraft:glow_lichen":1,"minecraft:granite":4,"minecraft:short_grass":11,"minecraft:emerald_ore":1,"minecraft:grass_block":5,"minecraft:melon":1,"minecraft:spruce_leaves":2,"minecraft:wall_torch":3,"minecraft:furnace":3,"minecraft:birch_log":26,"minecraft:iron_ore":8,"minecraft:sweet_berry_bush":1,"minecraft:andesite":1,"minecraft:peony":1,"minecraft:coal_ore":65,"minecraft:gravel":4,"minecraft:dirt":7,"minecraft:stone":61,"minecraft:fern":5},"minecraft:killed":{"minecraft:salmon":1,"minecraft:spider":1,"minecraft:sheep":8,"minecraft:zombie":3,"minecraft:chicken":2,"minecraft:cow":3},"minecraft:broken":{"minecraft:wooden_pickaxe":1}},"DataVersion":3700}